Row Labels,repeat,brunet,ttratio,honore
P Value,[0.10021455],[0.54640816],[0.17438874],[0.65535216]
T Statistic,[1.83176356],[0.62672168],[-1.47471953],[0.46155632]
